{"cameraMode":{"drawMode":0,"name":"Shaded","section":"Shading Mode"},"sceneLighting":true,"audioPlay":false,"sceneViewState":{"showFog":true,"showMaterialUpdate":false,"showSkybox":true,"showFlares":true,"showImageEffects":true,"showParticleSystems":true},"in2DMode":false,"pivot":{"x":-0.8022222518920898,"y":0.5931652784347534,"z":0.3791695833206177},"rotation":{"x":0.2141350507736206,"y":-0.06735092401504517,"z":0.014813899993896485,"w":0.9744669795036316},"size":3.025862216949463,"orthographic":false}